﻿<?xml version="1.0" encoding="utf-8"?>
<metadata>
  <idinfo>
    <citation>
      <citeinfo>
        <origin>Department of Commerce (DOC), National Oceanic and Atmospheric Administration (NOAA), National Ocean Service (NOS), Coastal Services Center (CSC)</origin>
        <origin>NOAA, Office of Coast Survey (OCS)</origin>
        <pubdate>201209</pubdate>
        <title>Commercial Vessel Density October 2009-2010 AIS National</title>
        <pubinfo>
          <pubplace>Charleston, SC</pubplace>
          <publish>NOAA's Ocean Service, Coastal Services Center (CSC)</publish>
        </pubinfo>
        <onlink>http://www.csc.noaa.gov/ArcGISPUB/rest/services/MultipurposeMarineCadastre/MultipurposeMarineCadastre/MapServer</onlink>
        <onlink>http://www.marinecadastre.gov/data/default.aspx</onlink>
        <onlink>http://www.csc.noaa.gov/</onlink>
      </citeinfo>
    </citation>
    <descript>
      <abstract>These data were generated to provide insight into traffic patterns on a macro scale so they could be analyzed across the coastal waters of the Continental United States. For this dataset, a transit is counted for every unique vessel intersecting a 1 kilometer square grid cell each day. This data represents the total number of vessel transits from October 2009 - October 2010. There were some grid cells which were unable to be processed, but it is not perceived that this interferes with the integrity of these data.

Please note multiple connection errors occurred during the time frame of this study. In most cases, data gaps were filled by making subsequent requests to the Coast Guard or other groups receiving the same data feed. However, due to resource constraints, uninterrupted coverage was not obtained. Overall data outages were minimal, on the order of less than a day per month. Because outages were random and affect all areas uniformly, they do not have a significant effect on the integrity of the data. As stated on the USCG NAIS website, AIS data are not representative of all vessel traffic and USCG NAIS receivers do not fully cover the entire extent of this study area. Please take time to understand both of these limitations.</abstract>
      <purpose>To support coastal and ocean planning and other activities pursuant to the Energy Policy Act, Coastal Zone Management Act, Magnuson-Stevens Fishery Conservation and Management Act, National Environmental Policy Act, Rivers and Harbors Act and the Submerged Lands Act.”</purpose>
    </descript>
    <timeperd>
      <timeinfo>
        <sngdate>
          <caldate>2010</caldate>
        </sngdate>
      </timeinfo>
      <current>ground condition</current>
    </timeperd>
    <status>
      <progress>Complete</progress>
      <update>None planned</update>
    </status>
    <spdom>
      <bounding>
        <westbc>-126.142653</westbc>
        <eastbc>-65.565865</eastbc>
        <northbc>49.228432</northbc>
        <southbc>22.655590</southbc>
      </bounding>
    </spdom>
    <keywords>
      <theme>
        <themekt>ISO 19115 Topic Category</themekt>
        <themekey>oceans</themekey>
      </theme>
      <theme>
        <themekt>None</themekt>
        <themekey>vessel traffic</themekey>
        <themekey>ship counts</themekey>
        <themekey>AIS</themekey>
      </theme>
      <place>
        <placekt>None</placekt>
        <placekey>National</placekey>
        <placekey>United States</placekey>
      </place>
    </keywords>
    <accconst>None</accconst>
    <useconst>These data are intended for coastal and ocean use planning. Not for navigation.</useconst>
    <ptcontac>
      <cntinfo>
        <cntorgp>
          <cntorg>NOAA Coastal Services Center</cntorg>
          <cntper>Multipurpose Marine Cadastre Data Steward</cntper>
        </cntorgp>
        <cntpos>Multipurpose Marine Cadastre Data Steward</cntpos>
        <cntaddr>
          <addrtype>mailing and physical address</addrtype>
          <address>2234 S Hobson Ave</address>
          <city>Charleston</city>
          <state>SC</state>
          <postal>29405</postal>
        </cntaddr>
        <cntvoice>843.740.1200</cntvoice>
        <cntfax>843.740.1224</cntfax>
        <cntemail>nos.csc.mmc@noaa.gov</cntemail>
      </cntinfo>
    </ptcontac>
  </idinfo>
  <dataqual>
    <attracc>
      <attraccr>The attributes in this dataset are believed to be accurate.</attraccr>
    </attracc>
    <logic>These data are believed to be logically consistent. Geometry is topologically clean.</logic>
    <complete>Spatial and attribute properties are believed to be complete, although attribute information has been simplified. Geometric thresholds from original data are preserved. No tests have been completed for exhaustiveness.</complete>
    <posacc>
      <horizpa>
        <horizpar>Maximum scale of intended use is 1:80,000.</horizpar>
      </horizpa>
    </posacc>
    <lineage>
      <srcinfo>
        <srccite>
          <citeinfo>
            <origin>NOAA Office of Coast Survey</origin>
            <pubdate>201207</pubdate>
            <title>AIS Vessel Count – 2010</title>
            <pubinfo>
              <pubplace>Alexandria, VA</pubplace>
              <publish>U.S. Department of Homeland Security\United States Coast Guard\Navigation Center</publish>
            </pubinfo>
            <onlink>n/a</onlink>
          </citeinfo>
        </srccite>
        <typesrc>electronic mail system</typesrc>
        <srctime>
          <timeinfo>
            <rngdates>
              <begdate>200910</begdate>
              <enddate>201010</enddate>
            </rngdates>
          </timeinfo>
          <srccurr>ground condition</srccurr>
        </srctime>
        <srccitea>NOAA OCS - 2012</srccitea>
        <srccontr>2010 AIS Vessel Count data for UTM Zones 10N, 10S, 11, 14, 15, 16, 17, 18, and 19 which provided information regarding vessel counts derived from AIS data at 1 kilometer square grids.</srccontr>
      </srcinfo>
      <procstep>
        <procdesc>
Source data derived from the raw AIS data processing is as follows:
The USCG maintains a network of AIS receivers that collects AIS messages from passing ships. These data are transmitted to USCG data center that compiles the data and provides data feeds to other government agencies. In accordance with the USCG COMDTINST 5230.80, the USCG provided OCS with a “Level A” data feed. Level A is unfiltered real-time data that is less than 96 hours from initial time of transmission. OCS has subscribed to this data since 2008. To limit data storage requirements the data feed was filtered by the USCG to only send one position message per ship per minute and all duplicate messages (i.e. ship broadcasts received by more than one NAIS station) were removed.  This real time feed was archived at OCS. A specialized software NOAADATA.py (K. Schwehr. The noaadata-py Software Tool-set, v0.42, 2009. http://vislab-ccom.-unh.edu/schwehr/software/noaadata) is used to create daily files and and load the data into an Oracle Spatial database.  
Despite receiving this filtered feed, a great deal of conditioning needs to take place to prepare this data to be analyzed. The AIS system was not intended or designed for subsequent analysis; however Calder and Schwehr ably proved, given the proper conditioning, AIS data can be used for traffic analysis.  (  B. R. Calder., K. Schwehr. Traffic Analysis for the Calibration of Risk Assessment Methods. Proceedings: US Hydrographic Conference 2009, Norfolk, VA, 11-14 May 2009, http://www.thsoa.org/us09papers.htm) Based on their research, we filtered out AIS messages with non-unique user IDs and vessels with erroneous dimensions. We also separated messages by speed, separating those reporting a speed of less than 0.4 knots into a separate anchored table.
The accuracy and abundance of the AIS data support high resolution analysis specifically within port areas. This study however was interested in traffic patterns on a macro scale so patterns could be analyzed across the coastal waters of the Continental United States.  To limit the processing time and the overall file size for each region a grid cell size of 1 kilometer was chosen. 
For this dataset a transits is counted for every unique vessel intersecting a grid cell each day. Multiple trips into a grid cell on a given day by the same vessel are only counted as one transit. Instead of calculating transits based on the coordinates within the AIS message transit lines were created by connecting all the vessels reports each day. Traffic counts were then calculated by summing the number of lines within each cell. Although this dataset only contains the total traffic count “TRNSTS_TTL” the original dataset has transits by AIS vessel type and many other attributes as well. Processed from May - July 2012.
</procdesc>
        <procdate>201207</procdate>
        <proccont>
          <cntinfo>
            <cntperp>
              <cntper>Kyle R. Ward (and Barry Gallagher)</cntper>
              <cntorg>NOAA Office of Coast Survey</cntorg>
            </cntperp>
            <cntpos>NOAA Navigation Manager Southeast</cntpos>
            <cntaddr>
              <addrtype>mailing and physical address</addrtype>
              <address>2234 South Hobson Avenue</address>
              <city>Charleston</city>
              <state>South Carolina</state>
              <postal>29405-1200</postal>
              <country>USA</country>
            </cntaddr>
            <cntvoice>843-740-1153</cntvoice>
            <cntemail>kyle.ward@noaa.gov</cntemail>
          </cntinfo>
        </proccont>
      </procstep>
      <procstep>
        <procdesc>
Futher data development processing followed to obtain this feature class:
Acquire original source data and maintain a copy on the D-tier (data01_d), \\csc-s-san1b\marinsp\MultipurposeMarineCadastre\original\2012\OCS AIS GRIDS. Created a geodatabase in a person workspace and imported the original shapefiles into this file geodatabase format. Added a field in each of the feature classes to base classification ranges on, deleted all values of 0 in each of the data sets. Using the field calculator populated the new classification field values based on selecting the values of 'TRNSTS_TTL' field - performed this on each UTM zone feature class. Then performed a dissolve on each of the individual UTM zones datasets based on the classification field. Created a new feature classes with NAD 83 projection, added a field for the classification code, and loaded the data from the classified dissolved dataset the new NAD 83 dataset. Validate the feature classes' geometry (Data Management &gt; Features &gt; Repair Geometry). Added field in each of the three new data sets called 'vesselCountRange’, populated this new field using field calculator to display the actual range of values within that classification code. If necessary, open ArcMap and in a new MXD click File &gt; Map Document Properties and check the box “Store relative path names to data sources”.  Click OK. Added in the Oceans Basemap in the working MXD to work up the color scheme for the data. Select the fields that will be visible (chose to hide Classification Code and show Vessel Count Range). Symbolize the layer by Classification Code field to represent the Vessel Count Ranges. Develop a layer file containing symbology from each feature class.  Include Layer Name, Description, Credits, and Scale Ranges (if applicable) within the layer file and its source. Arrange quality process review by peers. Review quality process feedback, determine applicability, and make adjustments to data to meet process specifications. Place a copy of the feature class/es within SDE. Project the symbolized layer into Web Mercator and place within the viewer's MXD.  Work with the MXD steward to determine where and how the layer fits within the MXD. Acquire, create and update metadata from providers (as needed). Annually evaluate source data to determine requirement for replacement.
</procdesc>
        <procdate>201208</procdate>
      </procstep>
    </lineage>
  </dataqual>
  <spdoinfo>
    <direct>Vector</direct>
  </spdoinfo>
  <spref>
    <horizsys>
      <geograph>
        <latres>0.000001</latres>
        <longres>0.000001</longres>
        <geogunit>Decimal degrees</geogunit>
      </geograph>
      <geodetic>
        <horizdn>North American Datum of 1983</horizdn>
        <ellips>Geodetic Reference System 1980</ellips>
        <semiaxis>6378137.000000</semiaxis>
        <denflat>298.257222</denflat>
      </geodetic>
    </horizsys>
  </spref>
  <eainfo>
    <detailed>
      <enttyp>
        <enttypl>Commercial Vessel Density October 2009-2010 AIS National</enttypl>
        <enttypd>Vessel Traffic for the year 2010 for the Continental US waters.</enttypd>
        <enttypds>NOAA Coastal Services Center</enttypds>
      </enttyp>
      <attr>
        <attrlabl>OBJECTID</attrlabl>
        <attrdef>Internal feature number.</attrdef>
        <attrdefs>ESRI</attrdefs>
        <attrdomv>
          <udom>Sequential unique whole numbers that are automatically generated.</udom>
        </attrdomv>
      </attr>
      <attr>
        <attrlabl>SHAPE</attrlabl>
        <attrdef>Feature geometry.</attrdef>
        <attrdefs>ESRI</attrdefs>
        <attrdomv>
          <udom>Coordinates defining the features.</udom>
        </attrdomv>
      </attr>
      <attr>
        <attrlabl>classCode</attrlabl>
        <attrdef>Code for the classification scheme used</attrdef>
        <attrdefs>NOAA Coastal Services Center</attrdefs>
        <attrdomv>
          <udom>Unique Values</udom>
        </attrdomv>
      </attr>
      <attr>
        <attrlabl>vesselCountRange</attrlabl>
        <attrdef>Classification range for the feature. The values represent vessel counts for the feature.</attrdef>
        <attrdefs>NOAA Coastal Services Center</attrdefs>
        <attrdomv>
          <edom>
            <edomv>1 - 25</edomv>
            <edomvd>For this feature 1 - 25 vessels were counted between October 2009 - 2010.</edomvd>
            <edomvds>NOAA Coastal Services Center</edomvds>
          </edom>
        </attrdomv>
        <attrdomv>
          <edom>
            <edomv>26 - 50</edomv>
            <edomvd>For this feature 26 - 50 vessels were counted between October 2009 - 2010.</edomvd>
            <edomvds>NOAA Coastal Services Center</edomvds>
          </edom>
        </attrdomv>
        <attrdomv>
          <edom>
            <edomv>51 - 75</edomv>
            <edomvd>For this feature 51 - 75 vessels were counted between October 2009 - 2010.</edomvd>
            <edomvds>NOAA Coastal Services Center</edomvds>
          </edom>
        </attrdomv>
        <attrdomv>
          <edom>
            <edomv>76 - 100</edomv>
            <edomvd>For this feature 76 - 100 vessels were counted between October 2009 - 2010.</edomvd>
            <edomvds>NOAA Coastal Services Center</edomvds>
          </edom>
        </attrdomv>
        <attrdomv>
          <edom>
            <edomv>101 - 250</edomv>
            <edomvd>For this feature 101 - 250 vessels were counted between October 2009 - 2010.</edomvd>
            <edomvds>NOAA Coastal Services Center</edomvds>
          </edom>
        </attrdomv>
        <attrdomv>
          <edom>
            <edomv>251 - 500</edomv>
            <edomvd>For this feature 251 - 500 vessels were counted between October 2009 - 2010.</edomvd>
            <edomvds>NOAA Coastal Services Center</edomvds>
          </edom>
        </attrdomv>
        <attrdomv>
          <edom>
            <edomv>501 - 750</edomv>
            <edomvd>For this feature 501 - 750 vessels were counted between October 2009 - 2010.</edomvd>
            <edomvds>NOAA Coastal Services Center</edomvds>
          </edom>
        </attrdomv>
        <attrdomv>
          <edom>
            <edomv>751 - 1500</edomv>
            <edomvd>For this feature 751 - 1500 vessels were counted between October 2009 - 2010.</edomvd>
            <edomvds>NOAA Coastal Services Center</edomvds>
          </edom>
        </attrdomv>
        <attrdomv>
          <edom>
            <edomv>More than 1500</edomv>
            <edomvd>For this feature more than 1500 vessels were counted between October 2009 - 2010.</edomvd>
            <edomvds>NOAA Coastal Services Center</edomvds>
          </edom>
        </attrdomv>
      </attr>
      <attr>
        <attrlabl>SHAPE_Length</attrlabl>
        <attrdef>Length of feature in internal units.</attrdef>
        <attrdefs>ESRI</attrdefs>
        <attrdomv>
          <udom>Positive real numbers that are automatically generated.</udom>
        </attrdomv>
      </attr>
      <attr>
        <attrlabl>SHAPE_Area</attrlabl>
        <attrdef>Area of feature in internal units squared.</attrdef>
        <attrdefs>ESRI</attrdefs>
        <attrdomv>
          <udom>Positive real numbers that are automatically generated.</udom>
        </attrdomv>
      </attr>
    </detailed>
  </eainfo>
  <distinfo>
    <distrib>
      <cntinfo>
        <cntorgp>
          <cntorg>NOAA Coastal Services Center</cntorg>
          <cntper>Multipurpose Marine Cadastre Data Steward</cntper>
        </cntorgp>
        <cntpos>Multipurpose Marine Cadastre Data Steward</cntpos>
        <cntaddr>
          <addrtype>mailing and physical address</addrtype>
          <address>2234 S Hobson Ave</address>
          <city>Charleston</city>
          <state>SC</state>
          <postal>29405</postal>
        </cntaddr>
        <cntvoice>843.740.1200</cntvoice>
        <cntfax>843.740.1224</cntfax>
        <cntemail>nos.csc.mmc@noaa.gov</cntemail>
      </cntinfo>
    </distrib>
    <resdesc>Downloadable Data</resdesc>
    <distliab>These data are intended for coastal and ocean use planning. Not for navigation.</distliab>
  </distinfo>
  <metainfo>
    <metd>20120831</metd>
    <metc>
      <cntinfo>
        <cntorgp>
          <cntorg>NOAA Coastal Services Center</cntorg>
          <cntper>Multipurpose Marine Cadastre Data Steward</cntper>
        </cntorgp>
        <cntpos>Multipurpose Marine Cadastre Data Steward</cntpos>
        <cntaddr>
          <addrtype>mailing and physical address</addrtype>
          <address>2234 S Hobson Ave</address>
          <city>Charleston</city>
          <state>SC</state>
          <postal>29405</postal>
        </cntaddr>
        <cntvoice>843.740.1200</cntvoice>
        <cntfax>843.740.1224</cntfax>
        <cntemail>nos.csc.mmc@noaa.gov</cntemail>
      </cntinfo>
    </metc>
    <metstdn>FGDC Content Standard for Digital Geospatial Metadata</metstdn>
    <metstdv>FGDC-STD-001-1998</metstdv>
  </metainfo>
</metadata>